deduplicationId,time,deviceInfo,devAddr,adr,dr,fCnt,fPort,confirmed,data,object,rxInfo,txInfo,regionConfigId,_source_file,device_id
3db1be92-90ed-44fc-98c9-7411810b7ee0,2026-01-23T16:36:42.332+00:00,"{'tenantId': '52f14cd4-c6f1-4fbd-8f87-4025e1d49242', 'tenantName': 'ChirpStack', 'applicationId': '675582a5-5e7b-4e33-86ea-3325b7cb88e4', 'applicationName': 'L3', 'deviceProfileId': '2eb50646-80cb-4fb8-a9e5-f72fb99c704f', 'deviceProfileName': 'Dragino DDS75-LB Ultrasonic Distance Sensor', 'deviceName': 'L3 Ultrasonic Tank Level 01', 'devEui': 'a84041bbbf5946fc', 'deviceClassEnabled': 'CLASS_A', 'tags': {}}",00981150,True,3.0,1734.0,2.0,False,DPkBNQAMzAE=,"{'eventType': 'PERIODIC_REPORT', 'Bat': 3.321, 'distance': 309}","[{'gatewayId': '008000000002aa4b', 'uplinkId': 1878, 'nsTime': '2026-01-23T16:36:42.408191735+00:00', 'timeSinceGpsEpoch': '1453221420.332s', 'rssi': -93, 'snr': 8.2, 'channel': 7, 'rfChain': 1, 'location': {'latitude': 61.35229, 'longitude': -117.64845, 'altitude': 137}, 'context': 'v29rHA=='}]","{'frequency': 905300000, 'modulation': {'lora': {'bandwidth': 125000, 'spreadingFactor': 7, 'codeRate': 'CR_4_5'}}}",us915_1,C:\Users\davew\OneDrive - Carleton University\Repositories\computer-networks-hackathon-ssi-canada\dataset\Dragino DDS75-LB Ultrasonic Distance Sensor\a84041bbbf5946fc\007a5621-daf1-4e42-8933-236e973b746d.json,a84041bbbf5946fc
2cd81115-c16b-4113-90e0-89297b8f05a8,2026-01-26T04:55:09.018+00:00,"{'tenantId': '52f14cd4-c6f1-4fbd-8f87-4025e1d49242', 'tenantName': 'ChirpStack', 'applicationId': '5fe1c19e-491a-4968-9a4a-622c073e4a0c', 'applicationName': 'YK Testing', 'deviceProfileId': '959a15ef-0ae4-49ec-9293-0a0c4cc9c339', 'deviceProfileName': 'EM500-UDL', 'deviceName': 'Milesight Ultrasonic 1', 'devEui': '24e124713d392240', 'deviceClassEnabled': 'CLASS_A', 'tags': {}}",0098ebde,True,3.0,28620.0,0.0,False,,{},"[{'gatewayId': '0016c001f17adc38', 'uplinkId': 702586548, 'nsTime': '2026-01-26T04:55:09.071199360+00:00', 'rssi': -72, 'snr': 9.75, 'channel': 2, 'location': {}, 'context': 'RrdVHA==', 'crcStatus': 'CRC_OK'}, {'gatewayId': '00800000a000e24f', 'uplinkId': 9470, 'nsTime': '2026-01-26T04:55:09.086254678+00:00', 'timeSinceGpsEpoch': '1453438527.018s', 'rssi': -117, 'snr': -6.8, 'channel': 2, 'location': {'latitude': 62.45437, 'longitude': -114.36107, 'altitude': 230}, 'context': 'h2ufgA=='}]","{'frequency': 904300000, 'modulation': {'lora': {'bandwidth': 125000, 'spreadingFactor': 7, 'codeRate': 'CR_4_5'}}}",us915_1,C:\Users\davew\OneDrive - Carleton University\Repositories\computer-networks-hackathon-ssi-canada\dataset\EM500-UDL\24e124713d392240\00612e61-6b70-4e45-b231-a64e6d9a6044.json,24e124713d392240
cb3eb2d8-a4d4-44d2-a0c1-fda22292708d,2026-01-22T19:27:20.777+00:00,"{'tenantId': '52f14cd4-c6f1-4fbd-8f87-4025e1d49242', 'tenantName': 'ChirpStack', 'applicationId': '66b43969-cb0f-4c60-a5bc-f95bfb2a357e', 'applicationName': ""Chris' Testing"", 'deviceProfileId': 'f3e6c558-a212-439d-b834-193639f6f8b1', 'deviceProfileName': 'Makerfabs Soil Moisture Sensor', 'deviceName': 'Paul', 'devEui': '48e663fffe3000dd', 'deviceClassEnabled': 'CLASS_A', 'tags': {}}",012f7cbd,True,3.0,4.0,2.0,True,AAUE2B8BYQC/,"{'hum': 35.3, 'serial': 5, 'battery_v': 3.1, 'temp': 19.1, 'soil_val': 1240}","[{'gatewayId': '00800000a000e250', 'uplinkId': 14747, 'nsTime': '2026-01-22T19:27:20.925016866+00:00', 'timeSinceGpsEpoch': '1453145258.777s', 'rssi': -70, 'snr': 13.5, 'channel': 7, 'rfChain': 1, 'location': {'latitude': 45.34016, 'longitude': -75.89885, 'altitude': 95}, 'context': 'r4lohw=='}]","{'frequency': 905300000, 'modulation': {'lora': {'bandwidth': 125000, 'spreadingFactor': 7, 'codeRate': 'CR_4_5'}}}",us915_1,C:\Users\davew\OneDrive - Carleton University\Repositories\computer-networks-hackathon-ssi-canada\dataset\Makerfabs Soil Moisture Sensor\48e663fffe3000dd\0123288d-5a78-42b0-be85-43f3cf33bd34.json,48e663fffe3000dd
fd6ce0bc-3741-4247-bf38-7ee4657cc90a,2026-01-24T18:30:42.264+00:00,"{'tenantId': '52f14cd4-c6f1-4fbd-8f87-4025e1d49242', 'tenantName': 'ChirpStack', 'applicationId': '66b43969-cb0f-4c60-a5bc-f95bfb2a357e', 'applicationName': ""Chris' Testing"", 'deviceProfileId': 'f3e6c558-a212-439d-b834-193639f6f8b1', 'deviceProfileName': 'Makerfabs Soil Moisture Sensor', 'deviceName': 'John', 'devEui': '48e663fffe3000df', 'deviceClassEnabled': 'CLASS_A', 'tags': {}}",005bfd2f,True,3.0,53.0,2.0,True,ADYEah4BoACw,"{'soil_val': 1130, 'battery_v': 3, 'hum': 41.6, 'temp': 17.6, 'serial': 54}","[{'gatewayId': '00800000a000e250', 'uplinkId': 36113, 'nsTime': '2026-01-24T18:30:42.350166586+00:00', 'timeSinceGpsEpoch': '1453314660.264s', 'rssi': -66, 'snr': 13.8, 'channel': 7, 'rfChain': 1, 'location': {'latitude': 45.34011, 'longitude': -75.89887, 'altitude': 86}, 'context': 'IKR8yg=='}]","{'frequency': 905300000, 'modulation': {'lora': {'bandwidth': 125000, 'spreadingFactor': 7, 'codeRate': 'CR_4_5'}}}",us915_1,C:\Users\davew\OneDrive - Carleton University\Repositories\computer-networks-hackathon-ssi-canada\dataset\Makerfabs Soil Moisture Sensor\48e663fffe3000df\027ad2ac-0051-4257-8b1b-da4ae3191a88.json,48e663fffe3000df
1d10e8c9-1ae6-4052-9c4e-98d3838c4fe3,2026-01-25T19:19:18.190+00:00,"{'tenantId': '52f14cd4-c6f1-4fbd-8f87-4025e1d49242', 'tenantName': 'ChirpStack', 'applicationId': '66b43969-cb0f-4c60-a5bc-f95bfb2a357e', 'applicationName': ""Chris' Testing"", 'deviceProfileId': 'f3e6c558-a212-439d-b834-193639f6f8b1', 'deviceProfileName': 'Makerfabs Soil Moisture Sensor', 'deviceName': 'Ringo', 'devEui': '48e663fffe3000e0', 'deviceClassEnabled': 'CLASS_A', 'tags': {}}",01df4381,True,3.0,79.0,2.0,True,AFAEyh4B2AC0,"{'hum': 47.2, 'temp': 18, 'serial': 80, 'battery_v': 3, 'soil_val': 1226}","[{'gatewayId': '00800000a000e250', 'uplinkId': 58957, 'nsTime': '2026-01-25T19:19:18.283986503+00:00', 'timeSinceGpsEpoch': '1453403976.190s', 'rssi': -70, 'snr': 12.8, 'channel': 4, 'rfChain': 1, 'location': {'latitude': 45.34013, 'longitude': -75.89888, 'altitude': 96}, 'context': '7Ef9qQ=='}]","{'frequency': 904700000, 'modulation': {'lora': {'bandwidth': 125000, 'spreadingFactor': 7, 'codeRate': 'CR_4_5'}}}",us915_1,C:\Users\davew\OneDrive - Carleton University\Repositories\computer-networks-hackathon-ssi-canada\dataset\Makerfabs Soil Moisture Sensor\48e663fffe3000e0\01397d13-800a-4a49-9d13-cc04a170f650.json,48e663fffe3000e0
d783ef2c-b2d6-4b00-ac5d-b49c0d2e91c1,2026-01-23T22:48:14.897+00:00,"{'tenantId': '52f14cd4-c6f1-4fbd-8f87-4025e1d49242', 'tenantName': 'ChirpStack', 'applicationId': '66b43969-cb0f-4c60-a5bc-f95bfb2a357e', 'applicationName': ""Chris' Testing"", 'deviceProfileId': 'f3e6c558-a212-439d-b834-193639f6f8b1', 'deviceProfileName': 'Makerfabs Soil Moisture Sensor', 'deviceName': 'George', 'devEui': '48e663fffe3000e3', 'deviceClassEnabled': 'CLASS_A', 'tags': {}}",008eb876,True,3.0,32.0,2.0,True,ACEFGB4BHwC1,"{'battery_v': 3, 'hum': 28.7, 'soil_val': 1304, 'serial': 33, 'temp': 18.1}","[{'gatewayId': '00800000a000e250', 'uplinkId': 22858, 'nsTime': '2026-01-23T22:48:14.982320030+00:00', 'timeSinceGpsEpoch': '1453243712.897s', 'rssi': -62, 'snr': 12.8, 'channel': 6, 'rfChain': 1, 'location': {'latitude': 45.34013, 'longitude': -75.89887, 'altitude': 87}, 'context': 'm9rG8Q=='}]","{'frequency': 905100000, 'modulation': {'lora': {'bandwidth': 125000, 'spreadingFactor': 7, 'codeRate': 'CR_4_5'}}}",us915_1,C:\Users\davew\OneDrive - Carleton University\Repositories\computer-networks-hackathon-ssi-canada\dataset\Makerfabs Soil Moisture Sensor\48e663fffe3000e3\00d9e052-a1be-4f43-89ea-c94f218a3d5c.json,48e663fffe3000e3
bd4170a9-89f7-4a5a-a900-3cf89284e039,2026-01-23T10:49:47.885+00:00,"{'tenantId': '52f14cd4-c6f1-4fbd-8f87-4025e1d49242', 'tenantName': 'ChirpStack', 'applicationId': '675582a5-5e7b-4e33-86ea-3325b7cb88e4', 'applicationName': 'L3', 'deviceProfileId': '60ba97e4-d689-4a65-935a-acb5879b1239', 'deviceProfileName': 'Multitech RBS301 Temp Sensor', 'deviceName': 'Temp Sensor 02 - Duplex Unit 1 Basement', 'devEui': '7894e80000054e09', 'deviceClassEnabled': 'CLASS_A', 'tags': {}}",0124ff2d,,,,,,,,,,us915_1,C:\Users\davew\OneDrive - Carleton University\Repositories\computer-networks-hackathon-ssi-canada\dataset\Multitech RBS301 Temp Sensor\7894e80000054e09\0ab7f817-aeb2-4439-b3b0-4b0c996e4546.json,7894e80000054e09
cf8709e4-0318-4997-9f21-949e2538f74e,2026-01-28T11:24:36.221+00:00,"{'tenantId': '52f14cd4-c6f1-4fbd-8f87-4025e1d49242', 'tenantName': 'ChirpStack', 'applicationId': '675582a5-5e7b-4e33-86ea-3325b7cb88e4', 'applicationName': 'L3', 'deviceProfileId': '60ba97e4-d689-4a65-935a-acb5879b1239', 'deviceProfileName': 'Multitech RBS301 Temp Sensor', 'deviceName': 'Temp Sensor 03 - Triplex Basement', 'devEui': '7894e80000054e0a', 'deviceClassEnabled': 'CLASS_A', 'tags': {}}",018a5a09,True,3.0,7814.0,1.0,False,HhkAEzA=,"{'eventType': 'PERIODIC_REPORT', 'temperature': 19, 'humidity': 0}","[{'gatewayId': '008000000002aa4b', 'uplinkId': 524, 'nsTime': '2026-01-28T11:24:36.296739030+00:00', 'timeSinceGpsEpoch': '1453634694.221s', 'rssi': -99, 'snr': 8.8, 'channel': 1, 'location': {'latitude': 61.35232, 'longitude': -117.6484, 'altitude': 172}, 'context': 'VPblgw=='}]","{'frequency': 904100000, 'modulation': {'lora': {'bandwidth': 125000, 'spreadingFactor': 7, 'codeRate': 'CR_4_5'}}}",us915_1,C:\Users\davew\OneDrive - Carleton University\Repositories\computer-networks-hackathon-ssi-canada\dataset\Multitech RBS301 Temp Sensor\7894e80000054e0a\00315ac1-b269-41e1-8f02-e209f76e3897.json,7894e80000054e0a
85ba2b39-bd27-4f09-88d1-98f096bcee5c,2026-01-26T22:45:19.332+00:00,"{'tenantId': '52f14cd4-c6f1-4fbd-8f87-4025e1d49242', 'tenantName': 'ChirpStack', 'applicationId': '675582a5-5e7b-4e33-86ea-3325b7cb88e4', 'applicationName': 'L3', 'deviceProfileId': '60ba97e4-d689-4a65-935a-acb5879b1239', 'deviceProfileName': 'Multitech RBS301 Temp Sensor', 'deviceName': 'Temp Sensor 05 - Batchelor 1', 'devEui': '7894e80000054e0b', 'deviceClassEnabled': 'CLASS_A', 'tags': {}}",005c153e,True,3.0,9068.0,1.0,False,FhkAFRA=,"{'temperature': 21, 'humidity': 0, 'eventType': 'PERIODIC_REPORT'}","[{'gatewayId': '008000000002aa4b', 'uplinkId': 47880, 'nsTime': '2026-01-26T22:45:19.411574895+00:00', 'timeSinceGpsEpoch': '1453502737.332s', 'rssi': -74, 'snr': 9.5, 'location': {'latitude': 61.35228, 'longitude': -117.64834, 'altitude': 133}, 'context': 'J5CZIw=='}]","{'frequency': 903900000, 'modulation': {'lora': {'bandwidth': 125000, 'spreadingFactor': 7, 'codeRate': 'CR_4_5'}}}",us915_1,C:\Users\davew\OneDrive - Carleton University\Repositories\computer-networks-hackathon-ssi-canada\dataset\Multitech RBS301 Temp Sensor\7894e80000054e0b\001b590c-ad83-4b84-9f21-735496c9d94c.json,7894e80000054e0b
75988e93-afd7-4506-9d94-7c80bbb4c059,2026-01-28T13:49:06.832889534+00:00,"{'tenantId': '52f14cd4-c6f1-4fbd-8f87-4025e1d49242', 'tenantName': 'ChirpStack', 'applicationId': '5fe1c19e-491a-4968-9a4a-622c073e4a0c', 'applicationName': 'YK Testing', 'deviceProfileId': '60ba97e4-d689-4a65-935a-acb5879b1239', 'deviceProfileName': 'Multitech RBS301 Temp Sensor', 'deviceName': 'NEW ATH 1', 'devEui': '7894e80000054e0c', 'deviceClassEnabled': 'CLASS_A', 'tags': {}}",010f8b0e,True,3.0,51368.0,1.0,False,HRkAFhA=,"{'eventType': 'PERIODIC_REPORT', 'temperature': 22, 'humidity': 0}","[{'gatewayId': '0016c001f17adc38', 'uplinkId': 1014388687, 'nsTime': '2026-01-28T13:49:06.617874311+00:00', 'rssi': -66, 'snr': 13.75, 'channel': 4, 'location': {}, 'context': '9/kcHA==', 'crcStatus': 'CRC_OK'}]","{'frequency': 904700000, 'modulation': {'lora': {'bandwidth': 125000, 'spreadingFactor': 7, 'codeRate': 'CR_4_5'}}}",us915_1,C:\Users\davew\OneDrive - Carleton University\Repositories\computer-networks-hackathon-ssi-canada\dataset\Multitech RBS301 Temp Sensor\7894e80000054e0c\0004d981-8dc3-4039-9232-ccc9b9bd9a21.json,7894e80000054e0c
a353ef0d-a72e-4c81-941a-b88b6679a6ca,2026-01-27T22:37:50.842+00:00,"{'tenantId': '52f14cd4-c6f1-4fbd-8f87-4025e1d49242', 'tenantName': 'ChirpStack', 'applicationId': '675582a5-5e7b-4e33-86ea-3325b7cb88e4', 'applicationName': 'L3', 'deviceProfileId': '60ba97e4-d689-4a65-935a-acb5879b1239', 'deviceProfileName': 'Multitech RBS301 Temp Sensor', 'deviceName': ""Temp sensor 01 - Lo's Basement"", 'devEui': '7894e80000054e0e', 'deviceClassEnabled': 'CLASS_A', 'tags': {}}",00dd821b,True,2.0,177.0,1.0,False,FhkAGFA=,"{'temperature': 25, 'humidity': 0, 'eventType': 'PERIODIC_REPORT'}","[{'gatewayId': '008000000002aa4b', 'uplinkId': 28209, 'nsTime': '2026-01-27T22:37:50.923477294+00:00', 'timeSinceGpsEpoch': '1453588688.842s', 'rssi': -114, 'snr': -4.2, 'channel': 4, 'rfChain': 1, 'location': {'latitude': 61.35229, 'longitude': -117.64845, 'altitude': 152}, 'context': 'Ad8J1A=='}]","{'frequency': 904700000, 'modulation': {'lora': {'bandwidth': 125000, 'spreadingFactor': 8, 'codeRate': 'CR_4_5'}}}",us915_1,C:\Users\davew\OneDrive - Carleton University\Repositories\computer-networks-hackathon-ssi-canada\dataset\Multitech RBS301 Temp Sensor\7894e80000054e0e\005e2954-f973-4b0b-8ee1-f7f0b7cd3a23.json,7894e80000054e0e
8a0a4150-6c49-474e-94d3-65a39cbbd18e,2026-01-28T02:25:17.584+00:00,"{'tenantId': '52f14cd4-c6f1-4fbd-8f87-4025e1d49242', 'tenantName': 'ChirpStack', 'applicationId': '675582a5-5e7b-4e33-86ea-3325b7cb88e4', 'applicationName': 'L3', 'deviceProfileId': '60ba97e4-d689-4a65-935a-acb5879b1239', 'deviceProfileName': 'Multitech RBS301 Temp Sensor', 'deviceName': 'Temp Sensor 04 - Unit #9', 'devEui': '7894e80000054e0f', 'deviceClassEnabled': 'CLASS_A', 'tags': {}}",0006b231,True,3.0,39877.0,1.0,False,GRkAGzA=,"{'humidity': 0, 'temperature': 27, 'eventType': 'PERIODIC_REPORT'}","[{'gatewayId': '008000000002aa4b', 'uplinkId': 63214, 'nsTime': '2026-01-28T02:25:17.660803698+00:00', 'timeSinceGpsEpoch': '1453602335.584s', 'rssi': -81, 'snr': 7.8, 'channel': 2, 'location': {'latitude': 61.35231, 'longitude': -117.64847, 'altitude': 161}, 'context': 'L0dlgw=='}]","{'frequency': 904300000, 'modulation': {'lora': {'bandwidth': 125000, 'spreadingFactor': 7, 'codeRate': 'CR_4_5'}}}",us915_1,C:\Users\davew\OneDrive - Carleton University\Repositories\computer-networks-hackathon-ssi-canada\dataset\Multitech RBS301 Temp Sensor\7894e80000054e0f\001058d8-424c-4930-bad6-5cd91b053397.json,7894e80000054e0f
0c97336a-8e4b-425e-9067-58f23d9e3f19,2026-01-27T01:17:12.091+00:00,"{'tenantId': '52f14cd4-c6f1-4fbd-8f87-4025e1d49242', 'tenantName': 'ChirpStack', 'applicationId': '675582a5-5e7b-4e33-86ea-3325b7cb88e4', 'applicationName': 'L3', 'deviceProfileId': '60ba97e4-d689-4a65-935a-acb5879b1239', 'deviceProfileName': 'Multitech RBS301 Temp Sensor', 'deviceName': 'T/H Sensor 04 - Northlands Trailer', 'devEui': '7894e8000005874b', 'deviceClassEnabled': 'CLASS_A', 'tags': {}}",00424d60,True,3.0,531.0,1.0,False,Ew0AHyAGAA==,"{'eventType': 'PERIODIC_REPORT', 'temperature': 31.2, 'humidity': 6}","[{'gatewayId': '008000000002aa4b', 'uplinkId': 37691, 'nsTime': '2026-01-27T01:17:12.175288307+00:00', 'timeSinceGpsEpoch': '1453511850.091s', 'rssi': -110, 'snr': 1, 'channel': 3, 'location': {'latitude': 61.35227, 'longitude': -117.64844, 'altitude': 142}, 'context': 'Rrnwqw=='}]","{'frequency': 904500000, 'modulation': {'lora': {'bandwidth': 125000, 'spreadingFactor': 7, 'codeRate': 'CR_4_5'}}}",us915_1,C:\Users\davew\OneDrive - Carleton University\Repositories\computer-networks-hackathon-ssi-canada\dataset\Multitech RBS301 Temp Sensor\7894e8000005874b\000db0c6-b5f5-4c8c-b59a-9b68e2d9f3f1.json,7894e8000005874b
20a0def2-813f-460f-9725-c495e6f8d440,2026-01-24T04:23:58.876+00:00,"{'tenantId': '52f14cd4-c6f1-4fbd-8f87-4025e1d49242', 'tenantName': 'ChirpStack', 'applicationId': '675582a5-5e7b-4e33-86ea-3325b7cb88e4', 'applicationName': 'L3', 'deviceProfileId': '60ba97e4-d689-4a65-935a-acb5879b1239', 'deviceProfileName': 'Multitech RBS301 Temp Sensor', 'deviceName': ""T/H Sensor 01 - Lo's House"", 'devEui': '7894e8000005874f', 'deviceClassEnabled': 'CLASS_A', 'tags': {}}",01e862ad,True,3.0,192.0,1.0,False,HA0AFVAMMA==,"{'eventType': 'PERIODIC_REPORT', 'temperature': 21.5, 'humidity': 12.3}","[{'gatewayId': '008000000002aa4b', 'uplinkId': 4925, 'nsTime': '2026-01-24T04:23:58.958666918+00:00', 'timeSinceGpsEpoch': '1453263856.876s', 'rssi': -102, 'snr': 6.2, 'channel': 2, 'location': {'latitude': 61.35229, 'longitude': -117.64847, 'altitude': 139}, 'context': '2vcKyw=='}]","{'frequency': 904300000, 'modulation': {'lora': {'bandwidth': 125000, 'spreadingFactor': 7, 'codeRate': 'CR_4_5'}}}",us915_1,C:\Users\davew\OneDrive - Carleton University\Repositories\computer-networks-hackathon-ssi-canada\dataset\Multitech RBS301 Temp Sensor\7894e8000005874f\00addcd7-f253-4147-bc34-5f9d75c79f17.json,7894e8000005874f
7e2b7dc8-5555-4c31-a959-e5917a20a8e0,2026-01-22T21:16:55.386+00:00,"{'tenantId': '52f14cd4-c6f1-4fbd-8f87-4025e1d49242', 'tenantName': 'ChirpStack', 'applicationId': '675582a5-5e7b-4e33-86ea-3325b7cb88e4', 'applicationName': 'L3', 'deviceProfileId': 'd08ab548-90d8-4d7f-897b-af92d741a4f7', 'deviceProfileName': 'rbs301-dws', 'deviceName': 'Door Sensor 08', 'devEui': '7894e800000551ff', 'deviceClassEnabled': 'CLASS_A', 'tags': {}}",01745bbc,True,3.0,291.0,1.0,False,FQEIADEAAAAAAAA=,"{'tamperSinceLastReset': 0, 'batteryLevel': 3.1, 'accumulationCount': 0, 'tamperState': 1, 'errorWithLastDownlink': 0, 'radioCommError': 0, 'batteryLow': 0}","[{'gatewayId': '008000000002aa4b', 'uplinkId': 14960, 'nsTime': '2026-01-22T21:16:55.451238201+00:00', 'timeSinceGpsEpoch': '1453151833.386s', 'rssi': -95, 'snr': 8.8, 'channel': 4, 'rfChain': 1, 'location': {'latitude': 61.35225, 'longitude': -117.64856, 'altitude': 139}, 'context': 'UbNbUw=='}]","{'frequency': 904700000, 'modulation': {'lora': {'bandwidth': 125000, 'spreadingFactor': 7, 'codeRate': 'CR_4_5'}}}",us915_1,C:\Users\davew\OneDrive - Carleton University\Repositories\computer-networks-hackathon-ssi-canada\dataset\rbs301-dws\7894e800000551ff\006163b4-ed63-48d6-884e-0b82e9519cfb.json,7894e800000551ff
3357277d-f3dc-4220-94ec-5e137bc10fd3,2026-01-24T21:24:33.898+00:00,"{'tenantId': '52f14cd4-c6f1-4fbd-8f87-4025e1d49242', 'tenantName': 'ChirpStack', 'applicationId': '675582a5-5e7b-4e33-86ea-3325b7cb88e4', 'applicationName': 'L3', 'deviceProfileId': 'd08ab548-90d8-4d7f-897b-af92d741a4f7', 'deviceProfileName': 'rbs301-dws', 'deviceName': 'Door Sensor 11', 'devEui': '7894e80000055201', 'deviceClassEnabled': 'CLASS_A', 'tags': {}}",00097ddb,True,3.0,221.0,1.0,False,HgEIADEAAAAAAAA=,"{'accumulationCount': 0, 'tamperState': 1, 'tamperSinceLastReset': 0, 'errorWithLastDownlink': 0, 'batteryLow': 0, 'radioCommError': 0, 'batteryLevel': 3.1}","[{'gatewayId': '008000000002aa4b', 'uplinkId': 64989, 'nsTime': '2026-01-24T21:24:33.976665342+00:00', 'timeSinceGpsEpoch': '1453325091.898s', 'rssi': -89, 'snr': 9.2, 'channel': 3, 'location': {'latitude': 61.35227, 'longitude': -117.64842, 'altitude': 131}, 'context': 'uey7qw=='}]","{'frequency': 904500000, 'modulation': {'lora': {'bandwidth': 125000, 'spreadingFactor': 7, 'codeRate': 'CR_4_5'}}}",us915_1,C:\Users\davew\OneDrive - Carleton University\Repositories\computer-networks-hackathon-ssi-canada\dataset\rbs301-dws\7894e80000055201\07b559ce-0ad4-42e4-abf7-343f9ee324df.json,7894e80000055201
e0cbc4c3-39b9-4a49-a123-3a835efb39cb,2026-01-22T21:12:53.907+00:00,"{'tenantId': '52f14cd4-c6f1-4fbd-8f87-4025e1d49242', 'tenantName': 'ChirpStack', 'applicationId': '675582a5-5e7b-4e33-86ea-3325b7cb88e4', 'applicationName': 'L3', 'deviceProfileId': 'd08ab548-90d8-4d7f-897b-af92d741a4f7', 'deviceProfileName': 'rbs301-dws', 'deviceName': 'Door Sensor 06', 'devEui': '7894e80000055203', 'deviceClassEnabled': 'CLASS_A', 'tags': {}}",0190e329,True,3.0,275.0,0.0,False,,"{'fPort': 0, 'event': 'MAC_COMMAND', 'length': 0}","[{'gatewayId': '008000000002aa4b', 'uplinkId': 20247, 'nsTime': '2026-01-22T21:12:53.980308132+00:00', 'timeSinceGpsEpoch': '1453151591.907s', 'rssi': -99, 'snr': 7.8, 'channel': 1, 'location': {'latitude': 61.35224, 'longitude': -117.64852, 'altitude': 128}, 'context': 'Q06uuw=='}]","{'frequency': 904100000, 'modulation': {'lora': {'bandwidth': 125000, 'spreadingFactor': 7, 'codeRate': 'CR_4_5'}}}",us915_1,C:\Users\davew\OneDrive - Carleton University\Repositories\computer-networks-hackathon-ssi-canada\dataset\rbs301-dws\7894e80000055203\24bfcb74-c7a2-4206-ab3d-a824021896a0.json,7894e80000055203
f8f62477-6f13-4af8-ba1a-568f3e49e940,2026-01-14T21:50:53.748+00:00,"{'tenantId': '52f14cd4-c6f1-4fbd-8f87-4025e1d49242', 'tenantName': 'ChirpStack', 'applicationId': '675582a5-5e7b-4e33-86ea-3325b7cb88e4', 'applicationName': 'L3', 'deviceProfileId': 'd08ab548-90d8-4d7f-897b-af92d741a4f7', 'deviceProfileName': 'rbs301-dws', 'deviceName': 'Door Sensor 02', 'devEui': '7894e80000055209', 'deviceClassEnabled': 'CLASS_A', 'tags': {}}",00b4e8f2,True,3.0,202.0,0.0,False,,"{'event': 'MAC_COMMAND', 'fPort': 0, 'length': 0}","[{'gatewayId': '008000000002aa4b', 'uplinkId': 42133, 'nsTime': '2026-01-14T21:50:53.817659999+00:00', 'timeSinceGpsEpoch': '1452462671.748s', 'rssi': -101, 'snr': 8.5, 'channel': 3, 'location': {'latitude': 61.35231, 'longitude': -117.64849, 'altitude': 160}, 'context': 'NKH7cw=='}]","{'frequency': 904500000, 'modulation': {'lora': {'bandwidth': 125000, 'spreadingFactor': 7, 'codeRate': 'CR_4_5'}}}",us915_1,C:\Users\davew\OneDrive - Carleton University\Repositories\computer-networks-hackathon-ssi-canada\dataset\rbs301-dws\7894e80000055209\0fba994e-0712-4f6e-9f22-0948aecba7f1.json,7894e80000055209
d6387312-57ce-4c12-999f-ccd2ef522c86,2026-01-21T21:20:23.202+00:00,"{'tenantId': '52f14cd4-c6f1-4fbd-8f87-4025e1d49242', 'tenantName': 'ChirpStack', 'applicationId': '675582a5-5e7b-4e33-86ea-3325b7cb88e4', 'applicationName': 'L3', 'deviceProfileId': 'd08ab548-90d8-4d7f-897b-af92d741a4f7', 'deviceProfileName': 'rbs301-dws', 'deviceName': 'Door Sensor 10', 'devEui': '7894e8000005520b', 'deviceClassEnabled': 'CLASS_A', 'tags': {}}",01d36983,True,3.0,208.0,1.0,False,FgEIADEAAAAAAAA=,"{'errorWithLastDownlink': 0, 'accumulationCount': 0, 'tamperSinceLastReset': 0, 'tamperState': 1, 'radioCommError': 0, 'batteryLow': 0, 'batteryLevel': 3.1}","[{'gatewayId': '008000000002aa4b', 'uplinkId': 30779, 'nsTime': '2026-01-21T21:20:23.265479816+00:00', 'timeSinceGpsEpoch': '1453065641.202s', 'rssi': -102, 'snr': 8, 'location': {'latitude': 61.35225, 'longitude': -117.64847, 'altitude': 134}, 'context': 'BhnUww=='}]","{'frequency': 903900000, 'modulation': {'lora': {'bandwidth': 125000, 'spreadingFactor': 7, 'codeRate': 'CR_4_5'}}}",us915_1,C:\Users\davew\OneDrive - Carleton University\Repositories\computer-networks-hackathon-ssi-canada\dataset\rbs301-dws\7894e8000005520b\0aab3db1-274b-4150-81d3-1c6d5b96fe9d.json,7894e8000005520b
bc65087b-8ed7-4f2d-b09e-c24a5ae58d88,2026-01-18T21:18:20.709+00:00,"{'tenantId': '52f14cd4-c6f1-4fbd-8f87-4025e1d49242', 'tenantName': 'ChirpStack', 'applicationId': '675582a5-5e7b-4e33-86ea-3325b7cb88e4', 'applicationName': 'L3', 'deviceProfileId': 'd08ab548-90d8-4d7f-897b-af92d741a4f7', 'deviceProfileName': 'rbs301-dws', 'deviceName': 'Door Sensor 09', 'devEui': '7894e8000005520d', 'deviceClassEnabled': 'CLASS_A', 'tags': {}}",006f7fe7,True,3.0,259.0,0.0,False,,"{'length': 0, 'fPort': 0, 'event': 'MAC_COMMAND'}","[{'gatewayId': '008000000002aa4b', 'uplinkId': 61354, 'nsTime': '2026-01-18T21:18:20.777015983+00:00', 'timeSinceGpsEpoch': '1452806318.709s', 'rssi': -101, 'snr': 7.8, 'location': {'latitude': 61.35234, 'longitude': -117.64854, 'altitude': 128}, 'context': 'WgP+cw=='}]","{'frequency': 903900000, 'modulation': {'lora': {'bandwidth': 125000, 'spreadingFactor': 7, 'codeRate': 'CR_4_5'}}}",us915_1,C:\Users\davew\OneDrive - Carleton University\Repositories\computer-networks-hackathon-ssi-canada\dataset\rbs301-dws\7894e8000005520d\12833a7e-845e-47ad-8318-ce9a3c5be0ef.json,7894e8000005520d
afbe76ed-ecf3-4df4-bc37-2650ac383e3e,2026-01-22T20:41:21.731+00:00,"{'tenantId': '52f14cd4-c6f1-4fbd-8f87-4025e1d49242', 'tenantName': 'ChirpStack', 'applicationId': '1551288c-ec17-4af1-8c88-55406d9f6b26', 'applicationName': 'YK Monitoring', 'deviceProfileId': 'd08ab548-90d8-4d7f-897b-af92d741a4f7', 'deviceProfileName': 'rbs301-dws', 'deviceName': 'DWS 1', 'devEui': '7894e80100002501', 'deviceClassEnabled': 'CLASS_A', 'tags': {}}",01ad5c8b,True,3.0,686.0,2.0,False,GQMA,"{'open': 0, 'eventType': 'CLOSED'}","[{'gatewayId': '00800000a000e24f', 'uplinkId': 2964, 'nsTime': '2026-01-22T20:41:21.840073940+00:00', 'timeSinceGpsEpoch': '1453149699.731s', 'rssi': -112, 'snr': 2.8, 'channel': 6, 'rfChain': 1, 'location': {'latitude': 62.45438, 'longitude': -114.3611, 'altitude': 227}, 'context': 'R/vUdw=='}, {'gatewayId': '0016c001f17adc38', 'uplinkId': 1399669090, 'nsTime': '2026-01-22T20:41:21.775905044+00:00', 'rssi': -58, 'snr': 13.5, 'channel': 6, 'rfChain': 1, 'location': {}, 'context': 'B0gDDg==', 'crcStatus': 'CRC_OK'}]","{'frequency': 905100000, 'modulation': {'lora': {'bandwidth': 125000, 'spreadingFactor': 7, 'codeRate': 'CR_4_5'}}}",us915_1,C:\Users\davew\OneDrive - Carleton University\Repositories\computer-networks-hackathon-ssi-canada\dataset\rbs301-dws\7894e80100002501\007a55d5-e822-47c1-ad77-da02960ff8f3.json,7894e80100002501
5ec817c5-1b61-4b0f-9e6f-879eb6267f85,2026-01-17T06:39:10.236+00:00,"{'tenantId': '52f14cd4-c6f1-4fbd-8f87-4025e1d49242', 'tenantName': 'ChirpStack', 'applicationId': '44e81855-d8ba-46c2-9e79-751913962e0f', 'applicationName': 'Kanata Monitoring', 'deviceProfileId': '6c94d1f8-6bbb-42af-b877-253ecc501987', 'deviceProfileName': 'rbs305-ath', 'deviceName': 'ATH 1', 'devEui': '7894e80000027a0a', 'deviceClassEnabled': 'CLASS_A', 'tags': {}}",00baf539,True,3.0,2346.0,2.0,False,FQ0AFmALEA==,"{'humidity': 11, 'Type': 'ATH', 'Protocol': 1, 'Counter': 5, 'Event': 'Periodic Report', 'temperature': 23}","[{'gatewayId': '00800000a000e250', 'uplinkId': 15950, 'nsTime': '2026-01-17T06:39:10.432818232+00:00', 'timeSinceGpsEpoch': '1452667168.236s', 'rssi': -71, 'snr': 9, 'channel': 6, 'rfChain': 1, 'location': {'latitude': 45.34011, 'longitude': -75.8989, 'altitude': 82}, 'context': 'XyP2NA=='}]","{'frequency': 905100000, 'modulation': {'lora': {'bandwidth': 125000, 'spreadingFactor': 7, 'codeRate': 'CR_4_5'}}}",us915_1,C:\Users\davew\OneDrive - Carleton University\Repositories\computer-networks-hackathon-ssi-canada\dataset\rbs305-ath\7894e80000027a0a\000be76a-85e9-4a9d-8054-8ef8af8ab0d9.json,7894e80000027a0a
1130cc36-5509-4e15-a373-be558572def2,2026-01-18T13:02:37.125+00:00,"{'tenantId': '52f14cd4-c6f1-4fbd-8f87-4025e1d49242', 'tenantName': 'ChirpStack', 'applicationId': '44e81855-d8ba-46c2-9e79-751913962e0f', 'applicationName': 'Kanata Monitoring', 'deviceProfileId': '6c94d1f8-6bbb-42af-b877-253ecc501987', 'deviceProfileName': 'rbs305-ath', 'deviceName': 'Kanata ATH 3 Yellow', 'devEui': '7894e80000027af8', 'deviceClassEnabled': 'CLASS_A', 'tags': {}}",0015e4b2,True,3.0,3205.0,2.0,False,FQ0AhGBTQA==,"{'Protocol': 1, 'Counter': 5, 'humidity': 83, 'Event': 'Periodic Report', 'temperature': -5, 'Type': 'ATH'}","[{'gatewayId': '00800000a000e250', 'uplinkId': 29334, 'nsTime': '2026-01-18T13:02:37.219851495+00:00', 'timeSinceGpsEpoch': '1452776575.125s', 'rssi': -89, 'snr': 12.8, 'channel': 1, 'location': {'latitude': 45.34019, 'longitude': -75.89893, 'altitude': 87}, 'context': '2Et6qQ=='}]","{'frequency': 904100000, 'modulation': {'lora': {'bandwidth': 125000, 'spreadingFactor': 7, 'codeRate': 'CR_4_5'}}}",us915_1,C:\Users\davew\OneDrive - Carleton University\Repositories\computer-networks-hackathon-ssi-canada\dataset\rbs305-ath\7894e80000027af8\006ca019-e496-4444-98dd-8f32235c5834.json,7894e80000027af8
3aaa91dd-c812-418c-aefa-bb669c82cb3c,2026-01-19T22:15:20.982+00:00,"{'tenantId': '52f14cd4-c6f1-4fbd-8f87-4025e1d49242', 'tenantName': 'ChirpStack', 'applicationId': '44e81855-d8ba-46c2-9e79-751913962e0f', 'applicationName': 'Kanata Monitoring', 'deviceProfileId': '6c94d1f8-6bbb-42af-b877-253ecc501987', 'deviceProfileName': 'rbs305-ath', 'deviceName': 'Kanata ATH 4 Blue', 'devEui': '7894e80000027b84', 'deviceClassEnabled': 'CLASS_A', 'tags': {}}",0018b289,True,3.0,88.0,2.0,False,Gg0AhFA+MA==,"{'Event': 'Periodic Report', 'Protocol': 1, 'Type': 'ATH', 'humidity': 62, 'Counter': 10, 'temperature': -5}","[{'gatewayId': '00800000a000e250', 'uplinkId': 32230, 'nsTime': '2026-01-19T22:15:21.095903758+00:00', 'timeSinceGpsEpoch': '1452896138.982s', 'rssi': -97, 'snr': 12.2, 'channel': 4, 'rfChain': 1, 'location': {'latitude': 45.34016, 'longitude': -75.8989, 'altitude': 92}, 'context': 'rtnvKg=='}]","{'frequency': 904700000, 'modulation': {'lora': {'bandwidth': 125000, 'spreadingFactor': 7, 'codeRate': 'CR_4_5'}}}",us915_1,C:\Users\davew\OneDrive - Carleton University\Repositories\computer-networks-hackathon-ssi-canada\dataset\rbs305-ath\7894e80000027b84\0087a10e-4de9-4231-ab2b-d630bf62d923.json,7894e80000027b84
113c2639-7ea6-4c56-81f5-f4a036ce344b,2026-01-26T20:48:06.289+00:00,"{'tenantId': '52f14cd4-c6f1-4fbd-8f87-4025e1d49242', 'tenantName': 'ChirpStack', 'applicationId': '675582a5-5e7b-4e33-86ea-3325b7cb88e4', 'applicationName': 'L3', 'deviceProfileId': '6c94d1f8-6bbb-42af-b877-253ecc501987', 'deviceProfileName': 'rbs305-ath', 'deviceName': 'T/H Sensor 02 - Unit #8', 'devEui': '7894e80000058754', 'deviceClassEnabled': 'CLASS_A', 'tags': {}}",0061336b,True,3.0,19.0,1.0,False,Hw0AFZAJIA==,"{'Type': 'ATH', 'Event': 'Periodic Report', 'Protocol': 1, 'humidity': 9, 'temperature': 22, 'Counter': 15}","[{'gatewayId': '008000000002aa4b', 'uplinkId': 6927, 'nsTime': '2026-01-26T20:48:06.356801333+00:00', 'timeSinceGpsEpoch': '1453495704.289s', 'rssi': -77, 'snr': 9, 'location': {'latitude': 61.35229, 'longitude': -117.64852, 'altitude': 146}, 'context': 'hF0aqw=='}]","{'frequency': 903900000, 'modulation': {'lora': {'bandwidth': 125000, 'spreadingFactor': 7, 'codeRate': 'CR_4_5'}}}",us915_1,C:\Users\davew\OneDrive - Carleton University\Repositories\computer-networks-hackathon-ssi-canada\dataset\rbs305-ath\7894e80000058754\00b087fd-ca6d-48ea-8578-2c2f2e0a591f.json,7894e80000058754
4b5db4fb-d2cf-4d35-9cfc-429aa153879b,2026-01-27T09:35:27.484667901+00:00,"{'tenantId': '52f14cd4-c6f1-4fbd-8f87-4025e1d49242', 'tenantName': 'ChirpStack', 'applicationId': '5fe1c19e-491a-4968-9a4a-622c073e4a0c', 'applicationName': 'YK Testing', 'deviceProfileId': 'ec984c9a-ce66-4317-8189-6fe73584db84', 'deviceProfileName': 'SW3L', 'deviceName': 'Flow Sensor 1', 'devEui': 'a8404109a18870eb', 'deviceClassEnabled': 'CLASS_A', 'tags': {}}",004c8a19,True,3.0,71.0,5.0,False,HwEAAgAOWA==,"{'FREQUENCY_BAND': 'US915', 'FIRMWARE_VERSION': '1.0.0', 'SUB_BAND': 0, 'BAT': 3.672}","[{'gatewayId': '0016c001f17adc38', 'uplinkId': 3858688908, 'nsTime': '2026-01-27T09:35:27.272010193+00:00', 'rssi': -106, 'snr': -5.5, 'location': {}, 'context': 'Tv77Kg==', 'crcStatus': 'CRC_OK'}]","{'frequency': 903900000, 'modulation': {'lora': {'bandwidth': 125000, 'spreadingFactor': 7, 'codeRate': 'CR_4_5'}}}",us915_1,C:\Users\davew\OneDrive - Carleton University\Repositories\computer-networks-hackathon-ssi-canada\dataset\SW3L\a8404109a18870eb\01d1a0ca-654c-4c59-bf0d-e61e1a39f33d.json,a8404109a18870eb
